Count,Name,1A1-1,S1-1,S1-1B,Visibility,WATT,WATTB,ADDRESS1,ADDRESS2,DESC2,DESCBRD1,DESCBRD2,DESCBRD3,DESCBRD4,DESCBRD5,DEVICEA,DEVICEB,DEVICEC,DEVICED,DEVICEE,DEVICEE(1),DEVICEF,DEVICEH,DEVICEJ,DEVICEY,BPS,DESC1,Visibility1,Position X1,Position Y1,Position1 X,Position1 Y,Subject,Position2 X,Position2 Y
1,FPS SENSOR 4-21,,,,Smoke,,,0020060013,,,,,,,,SIGA-PS,,,,,,,,,,,,,"-3'-10 7/8""","-1'-7 7/8""",,,,,
1,FPS SENSOR 4-21,,,,Smoke,,,0020060015,,,,,,,,SIGA-PS,,,,,,,,,,,,,"0'-9 3/8""","-0'-8 3/4""",,,,,
1,FPS SENSOR 4-21,,,,Smoke,,,0020060004,,,,,,,,SIGA-PS,,,,,,,,,,,,,"-5'-2""","-0'-9 3/8""",,,,,
1,FPS SENSOR 4-21,,,,Smoke,,,0020060023,,,,,,,,SIGA-PS,,,,,,,,,,,,,"0'-11 1/4""","0'-6 7/8""",,,,,
1,FPS SENSOR 4-21,,,,Smoke,,,0020060025,,,,,,,,SIGA-PS,,,,,,,,,,,,,"0'-9 1/4""","-1'-7 7/8""",,,,,
1,FPS SENSOR 4-21,,,,Smoke,,,0020060003,,,,,,,,SIGA-PS,,,,,,,,,,,,,"0'-11 1/2""","-0'-6 5/8""",,,,,
1,FPS SENSOR 4-21,,,,Smoke,,,0020060002,,,,,,,,SIGA-PS,,,,,,,,,,,,,"-0'-8 1/2""","0'-11 5/8""",,,,,
1,FPS SENSOR 4-21,,,,Smoke,,,0030060063,,,,,,,,SIGA-PS,,,,,,,,,,,,,"-1'-0 1/8""","-1'-4""",,,,,
1,FPS SENSOR 4-21,,,,Smoke,,,0030060058,,,,,,,,SIGA-PS,,,,,,,,,,,,,"-0'-11 7/8""","-1'-5""",,,,,
1,FPS SENSOR 4-21,,,,Smoke,,,0030060051,,,,,,,,SIGA-PS,,,,,,,,,,,,,"-0'-0 3/4""","1'-7 1/4""",,,,,
1,FPS SENSOR 4-21,,,,Smoke,,,0030060066,,,,,,,,SIGA-PS,,,,,,,,,,,,,"0'-7 3/4""","-1'-0 7/8""",,,,,
1,FPS SENSOR 4-21,,,,Smoke,,,0020060005,,,,,,,,SIGA-PS,,,,,,,,,,,,,"-2'-10 1/4""","1'-4 7/8""",,,,,
1,FPS SENSOR 4-21,,,,Smoke,,,0020060008,,,,,,,,SIGA-PS,,,,,,,,,,,,,"-2'-8 1/2""","-1'-7 7/8""",,,,,
1,FPS SENSOR 4-21,,,,Smoke,,,0020060010,,,,,,,,SIGA-PS,,,,,,,,,,,,,"0'-9 1/4""","-1'-7 7/8""",,,,,
1,FPS SENSOR 4-21,,,,Smoke,,,0020060027,,,,,,,,SIGA-PS,,,,,,,,,,,,,"0'-9 1/4""","-1'-7 7/8""",,,,,
1,FPS CAV 4-22,1E2-9 EOL,1S7-19 EOL,,SV - 30cd,1/4w,,,,,,,,,,,,,,,,,,,,,,,"-2'-5 1/2""","-1'-9 3/4""",,,,,
1,FPS SENSOR 4-21,,,,Smoke,,,0020060028,,,,,,,,SIGA-PS,,,,,,,,,,,,,"-4'-11 1/2""","-1'-1 1/8""",,,,,
1,FPS SENSOR 4-21,,,,Beam Smoke Reflector,,,,,,,,,,,,,,,,,,,,,,,,"0'-9 1/4""","-1'-7 7/8""","1'-1 7/8""","-0'-7 1/4""",,,
1,FPS CAV 4-22,1E2-8,1S7-18,,SV - 30cd,1/4w,,,,,,,,,,,,,,,,,,,,,,,"-2'-3 7/8""","1'-3 5/8""",,,,,
1,FPS CAV 4-22,1E1-4,1S7-28,,SV - 30cd,1/4w,,,,,,,,,,,,,,,,,,,,,,,"-0'-6 5/8""","4'-5 1/4""",,,,,
1,FPS CAV 4-22,1E2-3,1S7-22,,SV - 30cd,1/4w,,,,,,,,,,,,,,,,,,,,,,,"2'-11 1/8""","1'-10 5/8""",,,,,
1,FPS CAV 4-22,1E2-5,1S7-20,,SV - 15cd,1/4w,,,,,,,,,,,,,,,,,,,,,,,"4'-0""","-0'-9""",,,,,
1,FPS SENSOR 4-21,,,,Smoke,,,0020060030,,,,,,,,SIGA-PS,,,,,,,,,,,,,"0'-7 7/8""","-1'-1""",,,,,
1,FPS SENSOR 4-21,,,,Smoke,,,0020060031,,,,,,,,SIGA-PS,,,,,,,,,,,,,"-4'-4 1/2""","-1'-5""",,,,,
1,FPS SENSOR 4-21,,,,Smoke,,,0020060026,,,,,,,,SIGA-PS,,,,,,,,,,,,,"0'-9 1/4""","-1'-7 7/8""",,,,,
1,FPS SENSOR 4-21,,,,Smoke,,,0020060029,,,,,,,,SIGA-PS,,,,,,,,,,,,,"-3'-4 3/8""","-1'-5 3/8""",,,,,
1,FPS SENSOR 4-21,,,,Beam Smoke Transmitter,,,1D4-1,,,,,,,,,,,,,,,,,,,,,"-2'-6 3/8""","0'-9 3/8""","1'-1 7/8""","-0'-7 1/4""",,,
1,FPS SENSOR 4-21,,,,Smoke,,,0020060040,,,,,,,,SIGA-PS,,,,,,,,,,,,,"-0'-7""","-1'-7 7/8""",,,,,
1,FPS SENSOR 4-21,,,,Smoke,,,0020060032,,,,,,,,SIGA-PS,,,,,,,,,,,,,"0'-3 1/2""","1'-6 5/8""",,,,,
1,FPS CAV 4-22,1G1-5,1S9-13,,SV - 30cd,1/4w,,,,,,,,,,,,,,,,,,,,,,,"-2'-4 1/4""","-0'-1 1/2""",,,,,
1,FPS SENSOR 4-21,,,,Smoke,,,0010060005,,,,,,,,SIGA-PS,,,,,,,,,,,,,"-5'-3""","-0'-9 1/2""",,,,,
1,FPS CAV 4-22,1G2-3 EOL,1S9-4,,SV - 30cd,1/4w,,,,,,,,,,,,,,,,,,,,,,,"-3'-11""","2'-5 5/8""",,,,,
1,FPS CAV 4-22,1H1-1,1S9-2,,SV - 30cd,1/4w,,,,,,,,,,,,,,,,,,,,,,,"-2'-5 3/8""","1'-2 5/8""",,,,,
1,FPS SENSOR 4-21,,,,Smoke w/ Sounder Base,,,0020060034,,,,,,,,,,SIGA-PS W SOUNDER BASE,,,,,,,,,,,"-0'-7 7/8""","-2'-0 7/8""",,,,,
1,FPS SENSOR 4-21,,,,Heat,,,0020060017,,,,,,,,,,,,,,SIGA-HRS,,,,,,,"-4'-0 3/4""","-1'-7 7/8""",,,,,
1,FPS SENSOR 4-21,,,,Heat,,,0020060018,,,,,,,,,,,,,,SIGA-HRS,,,,,,,"0'-9 1/4""","-1'-7 7/8""",,,,,
1,FPS CAV 4-22,1H1-2,1S9-3,,SV - 75cd,1/4w,,,,,,,,,,,,,,,,,,,,,,,"-2'-8 5/8""","1'-6""",,,,,
1,FPS CAV 4-22,1G1-1,1S9-1,,SV - 30cd,1/4w,,,,,,,,,,,,,,,,,,,,,,,"2'-2 3/4""","2'-5 1/4""",,,,,
1,FPS CAV 4-22,1G1-2,1S9-11,,SV - 75cd,1/4w,,,,,,,,,,,,,,,,,,,,,,,"1'-10""","-1'-9""",,,,,
1,FPS CAV 4-22,1H1-7,1S9-9,,SV - 30cd,1/4w,,,,,,,,,,,,,,,,,,,,,,,"2'-8 1/2""","-0'-10 1/8""",,,,,
1,FPS CAV 4-22,1H1-4,1S9-6,,SV - 177cd,1/4w,,,,,,,,,,,,,,,,,,,,,,,"0'-3 3/8""","3'-5 3/8""","2'-0""","1'-1""",,,
1,FPS CAV 4-22,1H1-8 EOL,1S9-10,,SV - 30cd,1/4w,,,,,,,,,,,,,,,,,,,,,,,"-3'-6""","0'-0 1/4""",,,,,
1,FPS CAV 4-22,1H1-5,1S9-7,,SV - 177cd,1/4w,,,,,,,,,,,,,,,,,,,,,,,"2'-5 1/4""","2'-6 3/8""","2'-0""","1'-1""",,,
1,FPS SENSOR 4-21,,,,Smoke w/ Sounder Base,,,0020060035,,,,,,,,,,SIGA-PS W SOUNDER BASE,,,,,,,,,,,"-0'-7 5/8""","-1'-9""",,,,,
1,FPS SENSOR 4-21,,,,Smoke,,,0030060016,,,,,,,,SIGA-PS,,,,,,,,,,,,,"-0'-7 1/8""","1'-4 5/8""",,,,,
1,FPS SENSOR 4-21,,,,Smoke,,,0030060002,,,,,,,,SIGA-PS,,,,,,,,,,,,,"-5'-1 1/2""","-0'-9 3/4""",,,,,
1,FPS SENSOR 4-21,,,,Smoke,,,0030060003,,,,,,,,SIGA-PS,,,,,,,,,,,,,"0'-9""","0'-7 3/8""",,,,,
1,FPS SENSOR 4-21,,,,Smoke,,,0020060007,,,,,,,,SIGA-PS,,,,,,,,,,,,,"-0'-8 5/8""","1'-1 7/8""",,,,,
1,FPS SENSOR 4-21,,,,Smoke,,,0030060050,,,,,,,,SIGA-PS,,,,,,,,,,,,,"0'-5""","1'-2""",,,,,
1,FPS SENSOR 4-21,,,,Smoke,,,0030060048,,,,,,,,SIGA-PS,,,,,,,,,,,,,"-0'-11 1/4""","-1'-5 3/8""",,,,,
1,FPS SENSOR 4-21,,,,Smoke,,,0020060006,,,,,,,,SIGA-PS,,,,,,,,,,,,,"0'-10 1/4""","-0'-11 1/2""",,,,,
1,FPS SENSOR 4-21,,,,Heat,,,0030060056,,,,,,,,,,,,,,SIGA-HRS,,,,,,,"-1'-6 3/8""","0'-10 3/4""",,,,,
1,FPS SENSOR 4-21,,,,Smoke w/ Sounder Base,,,0020060039,,,,,,,,,,SIGA-PS W SOUNDER BASE,,,,,,,,,,,"-4'-2 1/2""","-1'-5 3/4""",,,,,
1,FPS SENSOR 4-21,,,,Smoke w/ Sounder Base,,,0020060037,,,,,,,,,,SIGA-PS W SOUNDER BASE,,,,,,,,,,,"0'-9 1/4""","-1'-7 7/8""",,,,,
1,FPS SENSOR 4-21,,,,Heat,,,0020060024,,,,,,,,,,,,,,SIGA-HRS,,,,,,,"-1'-3 3/4""","1'-1 1/2""",,,,,
1,FPS SENSOR 4-21,,,,Smoke,,,0030060012,,,,,,,,SIGA-PS,,,,,,,,,,,,,"-3'-0""","1'-5""",,,,,
1,FPS SENSOR 4-21,,,,Heat,,,0020060038,,,,,,,,,,,,,,SIGA-HRS,,,,,,,"0'-9 1/4""","-1'-7 7/8""",,,,,
1,FPS SENSOR 4-21,,,,Heat,,,0020060033,,,,,,,,,,,,,,SIGA-HRS,,,,,,,"-0'-5 7/8""","1'-1 1/2""",,,,,
1,FPS CAV 4-22,1E1-3,1S7-25,,SV - 15cd,1/4w,,,,,,,,,,,,,,,,,,,,,,,"-1'-3 3/8""","-2'-11 3/8""",,,,,
1,FPS SENSOR 4-21,,,,Smoke w/ Sounder Base,,,0030060011,,,,,,,,,,SIGA-PS W SOUNDER BASE,,,,,,,,,,,"-0'-4 5/8""","-1'-7 3/4""",,,,,
1,FPS SENSOR 4-21,,,,Smoke w/ Sounder Base,,,0030060010,,,,,,,,,,SIGA-PS W SOUNDER BASE,,,,,,,,,,,"-2'-10 7/8""","-1'-7""",,,,,
1,FPS CAV 4-22,,,1S7-10,Speaker,,1/4w,,,,,,,,,,,,,,,,,,,,,,"-1'-10 1/8""","-1'-8 3/4""",,,,,
1,FPS CAV 4-22,,,1S7-12,Speaker,,1/4w,,,,,,,,,,,,,,,,,,,,,,"-2'-10 3/4""","0'-1""",,,,,
1,FPS SENSOR 4-21,,,,Smoke w/ Sounder Base,,,0030060014,,,,,,,,,,SIGA-PS W SOUNDER BASE,,,,,,,,,,,"-0'-4 1/2""","-1'-7 3/8""",,,,,
1,FPS CAV 4-22,,,1S7-13,Speaker,,1/4w,,,,,,,,,,,,,,,,,,,,,,"1'-11 7/8""","-1'-5 7/8""",,,,,
1,FPS SENSOR 4-21,,,,Smoke w/ Sounder Base,,,0030060013,,,,,,,,,,SIGA-PS W SOUNDER BASE,,,,,,,,,,,"-3'-0""","-1'-6 3/4""",,,,,
1,FPS CAV 4-22,1D1-8,1S5-8,,SV - 15cd,1/4w,,,,,,,,,,,,,,,,,,,,,,,"1'-11 3/4""","-1'-5 3/4""",,,,,
1,FPS CAV 4-22,1D1-13 EOL,1S5-19 EOL,,SV - 30cd,1/4w,,,,,,,,,,,,,,,,,,,,,,,"-3'-8 1/8""","-1'-3 1/2""",,,,,
1,FPS CAV 4-22,1E3-8,1S5-18,,SV - 177cd,1/4w,,,,,,,,,,,,,,,,,,,,,,,"-1'-3 7/8""","3'-5 3/8""","2'-0""","1'-1""",,,
1,FPS CAV 4-22,1D1-6,1S5-6,,SV - 75cd,1/4w,,,,,,,,,,,,,,,,,,,,,,,"2'-2 5/8""","-1'-3 5/8""",,,,,
1,FPS SENSOR 4-21,,,,Smoke w/ Sounder Base,,,0030060009,,,,,,,,,,SIGA-PS W SOUNDER BASE,,,,,,,,,,,"0'-7 1/2""","-1'-6 7/8""",,,,,
1,FPS CAV 4-22,,,1S7-9,Speaker,,1/4w,,,,,,,,,,,,,,,,,,,,,,"2'-1 1/2""","-1'-7""",,,,,
1,FPS SENSOR 4-21,,,,Smoke w/ Sounder Base,,,0030060007,,,,,,,,,,SIGA-PS W SOUNDER BASE,,,,,,,,,,,"-2'-5 1/2""","-1'-7 1/8""",,,,,
1,FPS CAV 4-22,,,1S7-15,Speaker,,1/4w,,,,,,,,,,,,,,,,,,,,,,"-1'-2 3/4""","-1'-8 3/4""",,,,,
1,FPS WAV 9-21,1E2-7,1S8-2,,WP SV - 30cd,1/2w,,,,,,,,,,,,,,,,,,,,,,,"1'-1 7/8""","-0'-8 3/4""",,,,"-0'-4""","-2'-7 7/8"""
1,FPS PANELS 4-21,,,,BPS,,,,,,,,,,,,,,,,,,,,,APS1E,,,,,,,,,
1,FPS PANELS 4-21,,,,BPS,,,,,,,,,,,,,,,,,,,,,APS1B,,,,,,,,,
1,FPS PANELS 4-21,,,,DOC,,,,,,,,,,,,,,,,,,,,,,,,,,,,,,
1,FPS SENSOR 4-21,,,,Smoke,,,0030060052,,,,,,,,SIGA-PS,,,,,,,,,,,,,"-1'-9 1/4""","-1'-5 1/2""",,,,,
1,FPS SENSOR 4-21,,,,Smoke,,,0030060054,,,,,,,,SIGA-PS,,,,,,,,,,,,,"0'-10 7/8""","0'-8 1/4""",,,,,
1,FPS SENSOR 4-21,,,,Smoke w/ Sounder Base,,,0030060036,,,,,,,,,,SIGA-PS W SOUNDER BASE,,,,,,,,,,,"-3'-0 3/4""","1'-0 1/4""",,,,,
1,FPS SENSOR 4-21,,,,Smoke,,,0020060011,,,,,,,,SIGA-PS,,,,,,,,,,,,,"0'-9 1/4""","-1'-7 7/8""",,,,,
1,FPS CAV 4-22,1F1-11 EOL,1S7-17,,SV - 30cd,1/4w,,,,,,,,,,,,,,,,,,,,,,,"-3'-0 5/8""","0'-8 3/8""",,,,,
1,FPS SENSOR 4-21,,,,Smoke,,,0030060015,,,,,,,,SIGA-PS,,,,,,,,,,,,,"0'-9 1/8""","-1'-1""",,,,,
1,FPS CAV 4-22,1E2-2,1S7-23,,SV - 30cd,1/4w,,,,,,,,,,,,,,,,,,,,,,,"-3'-9 1/4""","0'-9 1/4""",,,,,
1,FPS PANELS 4-21,,,,BPS,,,,,,,,,,,,,,,,,,,,,APS1A,,,,,,,,,
1,FPS CAV 4-22,1E2-1,1S7-24,,SV - 30cd,1/4w,,,,,,,,,,,,,,,,,,,,,,,"-3'-9 1/4""","0'-9 1/4""",,,,,
1,FPS SENSOR 4-21,,,,Smoke,,,0020060012,,,,,,,,SIGA-PS,,,,,,,,,,,,,"0'-9 1/4""","-1'-7 7/8""",,,,,
1,FPS CAV 4-22,1F1-2,1S7-1,,SV - 30cd,1/4w,,,,,,,,,,,,,,,,,,,,,,,"2'-5""","1'-6""",,,,,
1,FPS CAV 4-22,1F1-1,1S7-3,,SV - 30cd,1/4w,,,,,,,,,,,,,,,,,,,,,,,"-2'-3 3/4""","-0'-3 5/8""",,,,,
1,FPS CAV 4-22,1F1-8,1S7-4,,SV - 15cd,1/4w,,,,,,,,,,,,,,,,,,,,,,,"-2'-1 3/4""","2'-5 1/4""",,,,,
1,FPS CAV 4-22,1C1-13,1S3-21,,SV - 30cd,1/4w,,,,,,,,,,,,,,,,,,,,,,,"2'-7 1/2""","-1'-0 1/8""",,,,,
1,FPS CAV 4-22,1C1-10,1S3-18,,SV - 30cd,1/4w,,,,,,,,,,,,,,,,,,,,,,,"1'-0 7/8""","-1'-9 3/8""",,,,,
1,FPS CAV 4-22,1C1-11,1S3-19,,SV - 30cd,1/4w,,,,,,,,,,,,,,,,,,,,,,,"0'-9 3/8""","2'-11 1/8""",,,,,
1,FPS CAV 4-22,1C1-4,1S3-4,,SV - 15cd,1/4w,,,,,,,,,,,,,,,,,,,,,,,"1'-0 3/8""","-1'-7 7/8""",,,,,
1,FPS CAV 4-22,1D1-3,1S5-3,,SV - 30cd,1/4w,,,,,,,,,,,,,,,,,,,,,,,"-1'-4 1/4""","-1'-11 5/8""",,,,,
1,FPS CAV 4-22,1E1-2,1S7-27,,SV - 30cd,1/4w,,,,,,,,,,,,,,,,,,,,,,,"1'-11 3/8""","-1'-6 1/2""",,,,,
1,FPS CAV 4-22,1E1-1,1S7-26,,SV - 30cd,1/4w,,,,,,,,,,,,,,,,,,,,,,,"-0'-2""","-1'-10 1/2""",,,,,
1,FPS CAV 4-22,1D1-1,1S5-1,,SV - 115cd,1/4w,,,,,,,,,,,,,,,,,,,,,,,"-3'-9 1/4""","0'-9 1/4""","2'-0""","1'-1""",,,
1,FPS CAV 4-22,1C1-15 EOL,1S3-23 EOL,,SV - 15cd,1/4w,,,,,,,,,,,,,,,,,,,,,,,"1'-3 3/8""","-1'-9 5/8""",,,,,
1,FPS CAV 4-22,1C1-14,1S3-22,,SV - 30cd,1/4w,,,,,,,,,,,,,,,,,,,,,,,"1'-11 5/8""","2'-9""",,,,,
1,FPS CAV 4-22,1C1-1,1S3-1,,SV - 30cd,1/4w,,,,,,,,,,,,,,,,,,,,,,,"2'-1""","-1'-6 3/4""",,,,,
1,FPS CAV 4-22,1C1-9,1S3-17,,SV - 30cd,1/4w,,,,,,,,,,,,,,,,,,,,,,,"-0'-9 5/8""","-1'-7 7/8""",,,,,
1,FPS CAV 4-22,1E3-1,1S5-11,,SV - 30cd,1/4w,,,,,,,,,,,,,,,,,,,,,,,"2'-4 1/8""","-0'-3 7/8""",,,,,
1,FPS CAV 4-22,1D1-10,1S5-10,,SV - 15cd,1/4w,,,,,,,,,,,,,,,,,,,,,,,"-1'-6""","-1'-11 1/4""",,,,,
1,FPS CAV 4-22,1D1-7,1S5-7,,SV - 30cd,1/4w,,,,,,,,,,,,,,,,,,,,,,,"0'-2""","-1'-8 1/4""",,,,,
1,FPS CAV 4-22,1E3-4,1S5-14,,SV - 177cd,1/4w,,,,,,,,,,,,,,,,,,,,,,,"-0'-5 3/4""","3'-3 1/4""","2'-0""","1'-1""",,,
1,FPS CAV 4-22,1E3-6,1S5-16,,SV - 75cd,1/4w,,,,,,,,,,,,,,,,,,,,,,,"2'-10 7/8""","1'-11 3/8""",,,,,
1,FPS CAV 4-22,1E3-5,1S5-15,,SV - 30cd,1/4w,,,,,,,,,,,,,,,,,,,,,,,"-3'-3""","1'-4 1/8""",,,,,
1,FPS CAV 4-22,1E3-3,1S5-13,,SV - 30cd,1/4w,,,,,,,,,,,,,,,,,,,,,,,"-1'-2 1/4""","4'-0 3/8""",,,,,
1,FPS CAV 4-22,1C1-6,1S3-11,,SV - 15cd,1/4w,,,,,,,,,,,,,,,,,,,,,,,"2'-4""","-0'-11 1/2""",,,,,
1,FPS CAV 4-22,1C1-8,1S3-13,,SV - 30cd,1/4w,,,,,,,,,,,,,,,,,,,,,,,"-1'-0 7/8""","-1'-7 3/8""",,,,,
1,FPS CAV 4-22,1C1-5,1S3-7,,SV - 15cd,1/4w,,,,,,,,,,,,,,,,,,,,,,,"1'-3 5/8""","-1'-9 3/8""",,,,,
1,FPS CAV 4-22,1D1-2,1S5-2,,SV - 75cd,1/4w,,,,,,,,,,,,,,,,,,,,,,,"-1'-11 5/8""","-2'-0 1/8""",,,,,
1,FPS CAV 4-22,1D1-9,1S5-9,,SV - 30cd,1/4w,,,,,,,,,,,,,,,,,,,,,,,"0'-5 3/8""","3'-1 1/2""",,,,,
1,FPS CAV 4-22,1D1-5,1S5-5,,SV - 75cd,1/4w,,,,,,,,,,,,,,,,,,,,,,,"1'-9 5/8""","-1'-8 7/8""",,,,,
1,FPS CAV 4-22,1D1-4,1S5-4,,SV - 75cd,1/4w,,,,,,,,,,,,,,,,,,,,,,,"-1'-1 1/2""","3'-7 1/2""",,,,,
1,FPS CAV 4-22,1B1-4,1S1-16,,SV - 177cd,1/4w,,,,,,,,,,,,,,,,,,,,,,,"-1'-0 1/8""","-2'-1 1/4""","2'-0""","1'-1""",,,
1,FPS SENSOR 4-21,,,,Smoke w/ Sounder Base,,,0030060033,,,,,,,,,,SIGA-PS W SOUNDER BASE,,,,,,,,,,,"0'-9 1/4""","-1'-7 7/8""",,,,,
1,FPS CAV 4-22,1B1-6,1S1-18,,SV - 115cd,1/4w,,,,,,,,,,,,,,,,,,,,,,,"-1'-3 3/8""","3'-0 5/8""","2'-0""","1'-1""",,,
1,FPS SENSOR 4-21,,,,Smoke w/ Sounder Base,,,0030060038,,,,,,,,,,SIGA-PS W SOUNDER BASE,,,,,,,,,,,"-1'-6 3/4""","-1'-6 5/8""",,,,,
1,FPS SENSOR 4-21,,,,Smoke w/ Sounder Base,,,0030060040,,,,,,,,,,SIGA-PS W SOUNDER BASE,,,,,,,,,,,"-3'-6 7/8""","0'-10 1/8""",,,,,
1,FPS SENSOR 4-21,,,,Heat,,,0030060039,,,,,,,,,,,,,,SIGA-HRS,,,,,,,"-3'-10 1/8""","0'-11 3/8""",,,,,
1,FPS CAV 4-22,1B1-1,1S1-13,,SV - 30cd,1/4w,,,,,,,,,,,,,,,,,,,,,,,"2'-4 1/2""","0'-0""",,,,,
1,FPS SENSOR 4-21,,,,Smoke w/ Sounder Base,,,0030060035,,,,,,,,,,SIGA-PS W SOUNDER BASE,,,,,,,,,,,"-4'-6""","-2'-1 3/4""",,,,,
1,FPS CAV 4-22,1B1-8 EOL,1S1-20 EOL,,SV - 177cd,1/4w,,,,,,,,,,,,,,,,,,,,,,,"0'-3 5/8""","3'-3 3/8""","2'-0""","1'-1""",,,
1,FPS PANELS 4-21,,,,BPS,,,,,,,,,,,,,,,,,,,,,APS1G,,,,,,,,,
1,FPS SENSOR 4-21,,,,Heat,,,0030060034,,,,,,,,,,,,,,SIGA-HRS,,,,,,,"0'-0 1/2""","1'-0 5/8""",,,,,
1,FPS SENSOR 4-21,,,,Smoke w/ Sounder Base,,,0030060037,,,,,,,,,,SIGA-PS W SOUNDER BASE,,,,,,,,,,,"-3'-0 1/4""","1'-2 3/8""",,,,,
1,FPS CAV 4-22,1B1-3,1S1-15,,SV - 30cd,1/4w,,,,,,,,,,,,,,,,,,,,,,,"-1'-9 1/8""","-2'-7 1/4""",,,,,
1,FPS CAV 4-22,1B1-5,1S1-17,,SV - 30cd,1/4w,,,,,,,,,,,,,,,,,,,,,,,"2'-5 7/8""","2'-3 3/8""",,,,,
1,FPS CAV 4-22,1A4-2,1S1-7,,SV - 177cd,1/4w,,,,,,,,,,,,,,,,,,,,,,,"-0'-3 7/8""","-2'-2 1/4""","2'-0""","1'-1""",,,
1,FPS CAV 4-22,1F1-6,1S7-6,,SV - 15cd,1/4w,,,,,,,,,,,,,,,,,,,,,,,"-0'-9 1/2""","-1'-7 5/8""",,,,,
1,FPS CAV 4-22,1A1-3,1S1-3,,SV - 15cd,1/4w,,,,,,,,,,,,,,,,,,,,,,,"1'-3 3/4""","-1'-9 3/4""",,,,,
1,FPS SENSOR 4-21,,,,Smoke,,,0030060004,,,,,,,,SIGA-PS,,,,,,,,,,,,,"0'-5 1/4""","-1'-3 1/4""",,,,,
1,FPS CAV 4-22,1F1-5,1S7-7,,SV - 30cd,1/4w,,,,,,,,,,,,,,,,,,,,,,,"-3'-3 5/8""","-0'-5 1/4""",,,,,
1,FPS CAV 4-22,1F1-4,1S7-2,,SV - 30cd,1/4w,,,,,,,,,,,,,,,,,,,,,,,"-2'-3""","-0'-5 1/8""",,,,,
1,FPS CAV 4-22,1F1-7,1S7-5,,SV - 15cd,1/4w,,,,,,,,,,,,,,,,,,,,,,,"2'-8 5/8""","2'-3 1/4""",,,,,
1,FPS CAV 4-22,,,1S7-8,Speaker,,1/4w,,,,,,,,,,,,,,,,,,,,,,"-1'-5 5/8""","-1'-9""",,,,,
1,FPS CAV 4-22,1A1-5,1S1-6,,SV - 15cd,1/4w,,,,,,,,,,,,,,,,,,,,,,,"1'-4 1/2""","-1'-7 3/4""",,,,,
1,FPS SENSOR 4-21,,,,Smoke,,,0030060032,,,,,,,,SIGA-PS,,,,,,,,,,,,,"0'-10 7/8""","-0'-4""",,,,,
1,FPS CAV 4-22,1A1-7,,,V - 15cd,,,,,,,,,,,,,,,,,,,,,,,,"-2'-4 1/2""","-1'-5""",,,,,
1,FPS SENSOR 4-21,,,,Smoke,,,0030060041,,,,,,,,SIGA-PS,,,,,,,,,,,,,"-0'-11 3/4""","-1'-4 3/8""",,,,,
1,FPS SENSOR 4-21,,,,Smoke,,,0030060008,,,,,,,,SIGA-PS,,,,,,,,,,,,,"-3'-3 5/8""","0'-11 1/8""",,,,,
1,FPS SENSOR 4-21,,,,Smoke,,,0030060005,,,,,,,,SIGA-PS,,,,,,,,,,,,,"0'-9 1/4""","-1'-0 5/8""",,,,,
1,FPS SENSOR 4-21,,,,Smoke,,,0030060028,,,,,,,,SIGA-PS,,,,,,,,,,,,,"0'-10 3/4""","-0'-4 3/8""",,,,,
1,FPS PANELS 4-21,,,,BPS,,,,,,,,,,,,,,,,,,,,,FACP 03,,,,,,,,,
1,FPS PANELS 4-21,,,,BPS,,,,,,,,,,,,,,,,,,,,,FACP 02,,,,,,,,,
1,FPS WAV 9-21,1G1-4,1S10-1,,WP SV - 30cd,1/2w,,,,,,,,,,,,,,,,,,,,,,,"-1'-5""","-3'-0 7/8""",,,,"-3'-1 7/8""","-1'-11 3/8"""
1,FPS PANELS 4-21,,,,ANN,,,,,,,,,,,,,,,,,,,,,,,,,,,,,,
1,FPS WAV 9-21,1C1-7,1S4-2 EOL,,WP SV - 30cd,1/2w,,,,,,,,,,,,,,,,,,,,,,,"4'-4 3/4""","-4'-9 5/8""",,,,"-3'-5 1/8""","2'-5 5/8"""
1,FPS WAV 9-21,1C1-12,1S4-1,,WP SV - 30cd,1/2w,,,,,,,,,,,,,,,,,,,,,,,"2'-3 1/8""","-2'-10 1/8""",,,,"-4'-5 1/4""","-1'-2"""
1,FPS WAV 9-21,1D1-12,1S6-2 EOL,,WP SV - 30cd,1/2w,,,,,,,,,,,,,,,,,,,,,,,"5'-11 5/8""","-2'-6 1/4""",,,,"-2'-5 3/8""","1'-4 1/4"""
1,FPS WAV 9-21,1A1-4,1S2-1,,WP SV - 30cd,1/2w,,,,,,,,,,,,,,,,,,,,,,,"0'-5 1/2""","-2'-6 3/8""",,,,"-4'-6""","-0'-2"""
1,FPS WAV 9-21,1A1-8,1S2-2,,WP SV - 30cd,1/2w,,,,,,,,,,,,,,,,,,,,,,,"-0'-4 5/8""","-2'-9""",,,,"-4'-4 3/4""","-0'-7 3/4"""
1,FPS WAV 9-21,1A1-9 EOL,1S2-3 EOL,,WP SV - 30cd,1/2w,,,,,,,,,,,,,,,,,,,,,,,"5'-0""","-3'-3 3/8""",,,,"-2'-5 3/4""","1'-9 3/8"""
1,FPS PANELS 4-21,,,,BPS,,,,,,,,,,,,,,,,,,,,,FACP 01,,,,,,,,,
1,FPS WAV 9-21,1E1-8,1S8-3 EOL,,WP SV - 30cd,1/2w,,,,,,,,,,,,,,,,,,,,,,,"-1'-5""","-2'-2 1/4""",,,,"-1'-3 3/4""","1'-9"""
1,FPS WAV 9-21,1G2-1,1S10-2,,WP SV - 30cd,1/2w,,,,,,,,,,,,,,,,,,,,,,,"1'-10 7/8""","-4'-8 1/2""",,,,"0'-10 1/2""","0'-5 3/8"""
1,FPS WAV 9-21,1G2-2,1S10-3 EOL,,WP SV - 30cd,1/2w,,,,,,,,,,,,,,,,,,,,,,,"4'-9 1/4""","-4'-2 1/4""",,,,"-3'-1 3/8""","2'-1 1/4"""
1,FPS WAV 9-21,1F1-3,1S8-1,,WP SV - 30cd,1/2w,,,,,,,,,,,,,,,,,,,,,,,"-1'-0 5/8""","-2'-11 3/4""",,,,"-1'-5 7/8""","1'-9 1/2"""
1,FPS UIO MODULE,,,,,,,0020060141,0020060142,,,,,,,,,,,,,SIGA-MCT2,,,,,,SIGA-MCT2,,,"-3'-9""","0'-10 1/4""",,,
1,FPS PANELS 4-21,,,,SIGA-UIO6,,,,,,,,,,,,,,,,,,,,,,,,,,,,,,
1,FPS UIO MODULE,,,,,,,0030060151,,,,,,,,SIGA-MRM1,,,,,,,,,,,,SIGA-MRM1,,,"-3'-9""","0'-5""",,,
1,FPS UIO MODULE,,,,,,,0020060144,,,,,,,,,,SIGA-MCRR,,,,,,,,,,SIGA-MCRR,,,"-3'-9""","0'-5""",,,
1,FPS PANELS 4-21,,,,BPS,,,,,,,,,,,,,,,,,,,,,APS1D,,,,,,,,,
1,FPS PANELS 4-21,,,,MFC-A,,,,,,,,,,,,,,,,,,,,,,,,,,,,,,
1,FPS UIO MODULE,,,,,,,0020060145,,,,,,,,SIGA-MRM1,,,,,,,,,,,,SIGA-MRM1,,,"-3'-9""","0'-5""",,,
1,FPS UIO MODULE,,,,,,,0010060131,,,,,,,,,,SIGA-MCRR,,,,,,,,,,SIGA-MCRR,,,"-3'-9""","0'-5""",,,
1,FPS UIO MODULE,,,,,,,0010060128,0010060129,,,,,,,,,,,,,SIGA-MCT2,,,,,,SIGA-MCT2,,,"-3'-9""","0'-10 1/4""",,,
1,FPS PANELS 4-21,,,,SIGA-UIO6,,,,,,,,,,,,,,,,,,,,,,,,,,,,,,
1,FPS UIO MODULE,,,,,,,0010060132,,,,,,,,SIGA-MRM1,,,,,,,,,,,,SIGA-MRM1,,,"-3'-9""","0'-5""",,,
1,FPS UIO MODULE,,,,,,,0030060150,,,,,,,,,,SIGA-MCRR,,,,,,,,,,SIGA-MCRR,,,"-3'-9""","0'-5""",,,
1,FPS UIO MODULE,,,,,,,0030060147,0030060148,,,,,,,,,,,,,SIGA-MCT2,,,,,,SIGA-MCT2,,,"-3'-9""","0'-10 1/4""",,,
1,FPS PANELS 4-21,,,,SIGA-UIO6,,,,,,,,,,,,,,,,,,,,,,,,,,,,,,
1,FPS SENSOR 4-21,,,,Smoke w/ Sounder Base,,,0030060042,,,,,,,,,,SIGA-PS W SOUNDER BASE,,,,,,,,,,,"-2'-6 7/8""","-1'-6 7/8""",,,,,
1,FPS SENSOR 4-21,,,,Heat,,,0020060022,,,,,,,,,,,,,,SIGA-HRS,,,,,,,"-4'-2 1/2""","0'-10""",,,,,
1,FPS SENSOR 4-21,,,,Heat,,,0010060008,,,,,,,,,,,,,,SIGA-HRS,,,,,,,"0'-9 1/4""","-1'-7 7/8""",,,,,
1,FPS SENSOR 4-21,,,,Heat,,,0020060021,,,,,,,,,,,,,,SIGA-HRS,,,,,,,"0'-9 1/4""","0'-10 3/4""",,,,,
1,FPS SENSOR 4-21,,,,Heat,,,0020060020,,,,,,,,,,,,,,SIGA-HRS,,,,,,,"-1'-11 1/2""","0'-10 3/4""",,,,,
1,FPS SENSOR 4-21,,,,Heat,,,0010060007,,,,,,,,,,,,,,SIGA-HRS,,,,,,,"-5'-0 1/4""","1'-0 1/2""",,,,,
1,FPS SENSOR 4-21,,,,Heat,,,0010060006,,,,,,,,,,,,,,SIGA-HRS,,,,,,,"0'-9 7/8""","-1'-1 1/4""",,,,,
1,FPS SENSOR 4-21,,,,Heat,,,0020060019,,,,,,,,,,,,,,SIGA-HRS,,,,,,,"0'-9 1/4""","-1'-7 7/8""",,,,,
1,FPS SENSOR 4-21,,,,Smoke w/ Sounder Base,,,0010060016,,,,,,,,,,SIGA-PS W SOUNDER BASE,,,,,,,,,,,"-2'-9 1/4""","1'-1 5/8""",,,,,
1,FPS SENSOR 4-21,,,,Smoke w/ Sounder Base,,,0010060015,,,,,,,,,,SIGA-PS W SOUNDER BASE,,,,,,,,,,,"-3'-0""","-1'-6 1/2""",,,,,
1,FPS SENSOR 4-21,,,,Smoke w/ Sounder Base,,,0010060013,,,,,,,,,,SIGA-PS W SOUNDER BASE,,,,,,,,,,,"-3'-2""","-1'-6 3/8""",,,,,
1,FPS SENSOR 4-21,,,,Smoke w/ Sounder Base,,,0010060017,,,,,,,,,,SIGA-PS W SOUNDER BASE,,,,,,,,,,,"0'-9 1/4""","-1'-7 7/8""",,,,,
1,FPS SENSOR 4-21,,,,Heat,,,0010060009,,,,,,,,,,,,,,SIGA-HRS,,,,,,,"0'-9 1/4""","-1'-7 7/8""",,,,,
1,FPS SENSOR 4-21,,,,Heat,,,0010060010,,,,,,,,,,,,,,SIGA-HRS,,,,,,,"0'-10 5/8""","-0'-10 7/8""",,,,,
1,FPS SENSOR 4-21,,,,Heat,,,0010060011,,,,,,,,,,,,,,SIGA-HRS,,,,,,,"0'-6 1/4""","1'-1 7/8""",,,,,
1,FPS SENSOR 4-21,,,,Heat,,,0010060012,,,,,,,,,,,,,,SIGA-HRS,,,,,,,"0'-4 3/4""","1'-0 7/8""",,,,,
1,FPS CAV 4-22,1E1-9,1S7-32,,SV - 75cd,1/4w,,,,,,,,,,,,,,,,,,,,,,,"1'-11 3/4""","-1'-10 7/8""",,,,,
1,FPS CAV 4-22,1E1-10,1S7-33,,SV - 75cd,1/4w,,,,,,,,,,,,,,,,,,,,,,,"1'-9 5/8""","-1'-8 1/4""",,,,,
1,FPS SENSOR 4-21,,,,Smoke,,,0010060019,,,,,,,,SIGA-PS,,,,,,,,,,,,,"0'-10 1/4""","-0'-11 3/4""",,,,,
1,FPS CAV 4-22,1E1-6,1S7-30,,SV - 30cd,1/4w,,,,,,,,,,,,,,,,,,,,,,,"-3'-9 1/4""","1'-3 5/8""",,,,,
1,FPS CAV 4-22,1G1-3,1S9-12,,SV - 75cd,1/4w,,,,,,,,,,,,,,,,,,,,,,,"-1'-0 1/8""","3'-1 1/8""",,,,,
1,FPS CAV 4-22,1G1-6,1S9-14,,SV - 115cd,1/4w,,,,,,,,,,,,,,,,,,,,,,,"2'-4""","3'-2 3/4""","2'-0""","1'-1""",,,
1,FPS CAV 4-22,1G1-7,1S9-15,,SV - 75cd,1/4w,,,,,,,,,,,,,,,,,,,,,,,"2'-0 1/8""","3'-5""",,,,,
1,FPS SENSOR 4-21,,,,Smoke,,,0010060004,,,,,,,,SIGA-PS,,,,,,,,,,,,,"0'-9 1/2""","-0'-11 3/4""",,,,,
1,FPS SENSOR 4-21,,,,Smoke,,,0020060016,,,,,,,,SIGA-PS,,,,,,,,,,,,,"-5'-3 3/8""","-1'-5 1/2""",,,,,
1,FPS SENSOR 4-21,,,,Smoke,,,0020060014,,,,,,,,SIGA-PS,,,,,,,,,,,,,"0'-9 1/4""","-1'-7 7/8""",,,,,
1,FPS SENSOR 4-21,,,,Smoke,,,0010060003,,,,,,,,SIGA-PS,,,,,,,,,,,,,"-5'-10 1/8""","-0'-0 7/8""",,,,,
1,FPS SENSOR 4-21,,,,Heat,,,0010060018,,,,,,,,,,,,,,SIGA-HRS,,,,,,,"0'-9 1/4""","-1'-7 7/8""",,,,,
1,FPS SENSOR 4-21,,,,Smoke w/ Sounder Base,,,0010060014,,,,,,,,,,SIGA-PS W SOUNDER BASE,,,,,,,,,,,"1'-8 1/8""","-0'-10 1/8""",,,,,
1,FPS SENSOR 4-21,,,,Smoke,,,0010060002,,,,,,,,SIGA-PS,,,,,,,,,,,,,"0'-7 7/8""","-1'-2 3/4""",,,,,
1,FPS CAV 4-22,,,1S1-9,Speaker,,1/4w,,,,,,,,,,,,,,,,,,,,,,"2'-4 3/4""","0'-4 1/2""",,,,,
1,FPS SENSOR 4-21,,,,Smoke w/ Sounder Base,,,0030060030,,,,,,,,,,SIGA-PS W SOUNDER BASE,,,,,,,,,,,"1'-0 1/8""","-0'-0 1/2""",,,,,
1,FPS CAV 4-22,1A1-6,1S1-8,,SV - 15cd,1/4w,,,,,,,,,,,,,,,,,,,,,,,"2'-5 1/4""","1'-10 3/4""",,,,,
1,FPS SENSOR 4-21,,,,Smoke w/ Sounder Base,,,0030060029,,,,,,,,,,SIGA-PS W SOUNDER BASE,,,,,,,,,,,"0'-9 5/8""","0'-9 1/4""",,,,,
1,FPS CAV 4-22,,,1S3-12,Speaker,,1/4w,,,,,,,,,,,,,,,,,,,,,,"2'-5 1/2""","0'-2 1/8""",,,,,
1,FPS SENSOR 4-21,,,,Smoke w/ Sounder Base,,,0030060065,,,,,,,,,,SIGA-PS W SOUNDER BASE,,,,,,,,,,,"-2'-7 1/4""","-1'-7""",,,,,
1,FPS CAV 4-22,,,1S1-10,Speaker,,1/4w,,,,,,,,,,,,,,,,,,,,,,"0'-2 5/8""","-2'-0 3/4""",,,,,
1,FPS CAV 4-22,,,1S1-4,Speaker,,1/4w,,,,,,,,,,,,,,,,,,,,,,"0'-2 5/8""","-2'-0 3/4""",,,,,
1,FPS SENSOR 4-21,,,,Smoke w/ Sounder Base,,,0030060043,,,,,,,,,,SIGA-PS W SOUNDER BASE,,,,,,,,,,,"-4'-3 3/4""","1'-4 5/8""",,,,,
1,FPS CAV 4-22,,,1S1-5,Speaker,,1/4w,,,,,,,,,,,,,,,,,,,,,,"1'-10 7/8""","1'-7 7/8""",,,,,
1,FPS SENSOR 4-21,,,,Smoke w/ Sounder Base,,,0030060044,,,,,,,,,,SIGA-PS W SOUNDER BASE,,,,,,,,,,,"-2'-1""","-1'-7 1/8""",,,,,
1,FPS SENSOR 4-21,,,,Smoke,,,0030060031,,,,,,,,SIGA-PS,,,,,,,,,,,,,"-2'-11""","0'-11 3/8""",,,,,
1,FPS SENSOR 4-21,,,,Smoke w/ Sounder Base,,,0030060045,,,,,,,,,,SIGA-PS W SOUNDER BASE,,,,,,,,,,,"-4'-3 3/4""","1'-4 5/8""",,,,,
1,FPS CAV 4-22,,,1S1-2,Speaker,,1/4w,,,,,,,,,,,,,,,,,,,,,,"1'-11 1/4""","1'-7 5/8""",,,,,
1,FPS SENSOR 4-21,,,,Smoke w/ Sounder Base,,,0030060062,,,,,,,,,,SIGA-PS W SOUNDER BASE,,,,,,,,,,,"-2'-11 7/8""","0'-11 3/8""",,,,,
1,FPS CAV 4-22,,,1S3-16,Speaker,,1/4w,,,,,,,,,,,,,,,,,,,,,,"2'-0 1/8""","1'-5 3/4""",,,,,
1,FPS SENSOR 4-21,,,,Smoke w/ Sounder Base,,,0030060059,,,,,,,,,,SIGA-PS W SOUNDER BASE,,,,,,,,,,,"0'-9""","-1'-6 7/8""",,,,,
1,FPS CAV 4-22,,,1S3-5,Speaker,,1/4w,,,,,,,,,,,,,,,,,,,,,,"0'-2 5/8""","-2'-0 3/4""",,,,,
1,FPS SENSOR 4-21,,,,Smoke w/ Sounder Base,,,0030060061,,,,,,,,,,SIGA-PS W SOUNDER BASE,,,,,,,,,,,"-3'-2 1/8""","1'-1""",,,,,
1,FPS CAV 4-22,,,1S3-14,Speaker,,1/4w,,,,,,,,,,,,,,,,,,,,,,"1'-10 5/8""","1'-7""",,,,,
1,FPS SENSOR 4-21,,,,Smoke w/ Sounder Base,,,0030060064,,,,,,,,,,SIGA-PS W SOUNDER BASE,,,,,,,,,,,"-1'-11 1/2""","-1'-6 1/8""",,,,,
1,FPS CAV 4-22,,,1S3-15,Speaker,,1/4w,,,,,,,,,,,,,,,,,,,,,,"0'-2 5/8""","-2'-0 3/4""",,,,,
1,FPS CAV 4-22,,,1S3-9,Speaker,,1/4w,,,,,,,,,,,,,,,,,,,,,,"-3'-0 1/8""","2'-6 5/8""",,,,,
1,FPS SENSOR 4-21,,,,Smoke w/ Sounder Base,,,0030060060,,,,,,,,,,SIGA-PS W SOUNDER BASE,,,,,,,,,,,"-2'-6 1/8""","-1'-6 7/8""",,,,,
1,FPS CAV 4-22,,,1S3-10,Speaker,,1/4w,,,,,,,,,,,,,,,,,,,,,,"0'-2 5/8""","-2'-0 3/4""",,,,,
1,FPS SENSOR 4-21,,,,Smoke w/ Sounder Base,,,0030060057,,,,,,,,,,SIGA-PS W SOUNDER BASE,,,,,,,,,,,"-4'-3 3/4""","1'-4 5/8""",,,,,
1,FPS SENSOR 4-21,,,,Smoke w/ Sounder Base,,,0030060053,,,,,,,,,,SIGA-PS W SOUNDER BASE,,,,,,,,,,,"-3'-2 1/8""","0'-10 1/8""",,,,,
1,FPS CAV 4-22,,,1S3-6,Speaker,,1/4w,,,,,,,,,,,,,,,,,,,,,,"1'-11""","1'-7 7/8""",,,,,
1,FPS SENSOR 4-21,,,,Smoke w/ Sounder Base,,,0030060055,,,,,,,,,,SIGA-PS W SOUNDER BASE,,,,,,,,,,,"-2'-0 5/8""","-1'-6 3/4""",,,,,
1,FPS SENSOR 4-21,,,,Smoke,,,0030060049,,,,,,,,SIGA-PS,,,,,,,,,,,,,"0'-6 3/8""","-1'-3 3/4""",,,,,
1,FPS MODULE 4-21,,,,SIGA-CC1S,,,0010070169,,,,,,,,,,,,,,,,,,,,,,,"1'-1 3/4""","-0'-5 7/8""",,"-3'-9""","0'-5"""
1,FPS MODULE 4-21,,,,SIGA-CC1S,,,0010070170,,,,,,,,,,,,,,,,,,,,,,,"1'-1 3/4""","-0'-5 7/8""",,"-3'-9""","0'-5"""
1,FPS MODULE 4-21,,,,Iso Module,,,0010070041,,,,,,,,,,,,,,,,,,,,,,,,,,"-3'-9""","0'-11 1/8"""
1,FPS MODULE 4-21,,,,Iso Module,,,0010070044,,,,,,,,,,,,,,,,,,,,,,,,,,"-3'-9""","0'-5"""
1,FPS CAV 4-22,1F1-10,1S7-16,,SV - 15cd,1/4w,,,,,,,,,,,,,,,,,,,,,,,"1'-11 7/8""","3'-5 1/8""",,,,,
1,FPS MODULE 4-21,,,,Suppression (120),,,,,,,,,,,,,,,,,,,,,,,,,,"-1'-8 1/4""","-0'-2 5/8""",,"2'-11""","0'-5"""
1,FPS MODULE 4-21,,,,Suppression (120),,,,,,,,,,,,,,,,,,,,,,,,,,"-1'-7 7/8""","0'-7 7/8""",,"2'-11""","0'-5"""
1,FPS MODULE 4-21,,,,SIGA-RM1,,,0030060194,,,,,,,,,,,,,,,SIGA-278,,,,,,,,,,,"-2'-0 1/4""","-0'-10 7/8"""
1,FPS MODULE 4-21,,,,SIGA-RM1,,,0010060158,,,,,,,,,,,,,,,SIGA-278,,,,,,,,,,,"5'-9 3/4""","3'-2 7/8"""
1,FPS MODULE 4-21,,,,SIGA-RM1,,,0020060154,,,,,,,,,,,,,,,SIGA-278,,,,,,,,,,,"2'-9""","0'-4 3/4"""
1,FPS MODULE 4-21,,,,SIGA-RM1,,,0030060195,,,,,,,,,,,,,,,SIGA-278,,,,,,,,,,,"2'-9 7/8""","0'-5 1/4"""
1,FPS MODULE 4-21,,,,SIGA-CC1S,,,0010070167,,,,,,,,,,,,,,,,,,,,,,,"1'-1 3/4""","-0'-5 7/8""",,"-3'-9""","0'-5"""
1,FPS MODULE 4-21,,,,Iso Module,,,0010070001,,,,,,,,,,,,,,,,,,,,,,,,,,"-3'-9""","0'-11 1/8"""
1,FPS MODULE 4-21,,,,SIGA-CC1S,,,0010070126,,,,,,,,,,,,,,,,,,,,,,,"1'-1 3/4""","-0'-5 7/8""",,"-3'-9""","0'-5"""
1,FPS MODULE 4-21,,,,Suppression (120),,,,,,,,,,,,,,,,,,,,,,,,,,"-1'-2 3/4""","1'-5 1/8""",,"2'-11""","0'-5"""
1,FPS SENSOR 9-24,,,,Heat - Conventional,,,,,,,,,,,,,,,,,,,,,,,,,,"-0'-9 3/4""","-0'-8 1/2""",,,
1,FPS SENSOR 9-24,,,,Heat - Conventional,,,,,,,,,,,,,,,,,,,,,,,,,,"-0'-8 1/2""","-0'-10 3/8""",,,
1,FPS SENSOR 9-24,,,,Heat - Conventional,,,,,,,,,,,,,,,,,,,,,,,,,,"1'-4 5/8""","-0'-5 7/8""",,,
1,FPS WAV 9-21,1E1-7,1S7-31,,SV - 30cd,1/4w,,,,,,,,,,,,,,,,,,,,,,,"3'-0 3/4""","3'-2 5/8""",,,,,
1,FPS MODULE 4-21,,,,J-Box,,,,,,,,,,,,,,,,,,,,,,,,,,,,,"2'-11 1/2""","0'-1 3/8"""
1,FPS WAV 9-21,1C1-12,1S3-20,,SV - 115cd,1/4w,,,,,,,,,,,,,,,,,,,,,,,"-1'-2 5/8""","-2'-1 7/8""",,,,,
1,FPS WAV 9-21,1E1-11,1S7-34,,SV - 30cd,1/4w,,,,,,,,,,,,,,,,,,,,,,,"-0'-10 1/4""","-2'-10 7/8""",,,,,
1,FPS SENSOR 9-24,,,,Heat - Conventional,,,,,,,,,,,,,,,,,,,,,,,,,,"1'-2 1/2""","-0'-8 1/4""",,,
1,FPS SENSOR 9-24,,,,Heat - Conventional,,,,,,,,,,,,,,,,,,,,,,,,,,"1'-1 7/8""","-0'-7 1/4""",,,
1,FPS SENSOR 4-21,,,,Duct (Supply) w/ LED,,,0010060020,,,,,,,,,,,,SIGA-SD,,,,,,,,,"-6'-4 7/8""","0'-9 7/8""",,,,,
1,FPS SENSOR 9-24,,,,Heat - Conventional,,,,,,,,,,,,,,,,,,,,,,,,,,"1'-2 1/8""","0'-6 7/8""",,,
1,FPS SENSOR 9-24,,,,Heat - Conventional,,,,,,,,,,,,,,,,,,,,,,,,,,"1'-2 7/8""","-0'-7 1/8""",,,
1,FPS SENSOR 9-24,,,,Heat - Conventional,,,,,,,,,,,,,,,,,,,,,,,,,,"-0'-10 7/8""","0'-8 1/2""",,,
1,FPS SENSOR 9-24,,,,Heat - Conventional,,,,,,,,,,,,,,,,,,,,,,,,,,"-0'-7 7/8""","0'-10 1/2""",,,
1,FPS MODULE 4-21,,,,Iso Module,,,0020060042,,,,,,,,,,,,,,,,,,,,,,,,,,"-3'-9""","0'-5"""
1,FPS MODULE 4-21,,,,Iso Module,,,0020060001,,,,,,,,,,,,,,,,,,,,,,,,,,"-3'-9""","0'-5"""
1,FPS PANELS 4-21,,,,BPS,,,,,,,,,,,,,,,,,,,,,FATC,,,,,,,,,
1,FPS MODULE 4-21,,,,SIGA-CC1S,,,0010070168,,,,,,,,,,,,,,,,,,,,,,,"1'-1 3/4""","-0'-5 7/8""",,"-3'-9""","0'-11 1/8"""
1,FPS UIO MODULE,,,,,,,0030060173,,,,,,,,,,,,,,,,,,,,SIGA-MCC1S,,,"-3'-9""","0'-5""",,"0'-11 3/4""","-0'-10 3/4"""
1,FPS UIO MODULE,,,,,,,0030060172,,,,,,,,,,,,,,,,,,,,SIGA-MCC1S,,,"-3'-9""","0'-5""",,"0'-8 1/8""","-1'-0 3/8"""
1,FPS PANELS 4-21,,,,SIGA-UIO6,,,,,,,,,,,,,,,,,,,,,,,,,,,,,,
1,FPS MODULE 4-21,,,,J-Box,,,,,,,,,,,,,,,,,,,,,,,,,,,,,"2'-11""","0'-5"""
1,FPS MODULE 4-21,,,,SIGA-RM1,,,0030060184,,,,,,,,,,,,,,,SIGA-278,,,,,,,,,,,"-3'-8 1/2""","2'-1 3/8"""
1,FPS UIO MODULE,,,,,,,0030060135,,,,,,,,,,,,,,,,,,,,SIGA-MCC1S,,,"-3'-9""","0'-5""",,"0'-11 3/4""","-0'-10 3/4"""
1,FPS SENSOR 4-21,,,,Smoke,,,0020060009,,,,,,,,SIGA-PS,,,,,,,,,,,,,"-2'-8 1/2""","-1'-7 7/8""",,,,,
1,FPS MODULE 4-21,,,,Iso Module,,,0020060041,,,,,,,,,,,,,,,,,,,,,,,,,,"-3'-9""","0'-5"""
1,FPS MODULE 4-21,,,,SIGA-278,,,0020060140,,,,,,,,,,,,,,,SIGA-278,,,,,,,,,,,"2'-11""","-0'-7"""
1,FPS CAV 4-22,1E2-6,,,V - 15cd,,,,,,,,,,,,,,,,,,,,,,,,"2'-1""","-1'-5 1/4""",,,,,
1,FPS PANELS 4-21,,,,SIGA-UIO6,,,,,,,,,,,,,,,,,,,,,,,,,,,,,,
1,FPS PANELS 4-21,,,,BPS,,,,,,,,,,,,,,,,,,,,,APS1H,,,,,,,,,
1,FPS PANELS 4-21,,,,BPS,,,,,,,,,,,,,,,,,,,,,APS1F,,,,,,,,,
1,FPS MODULE 4-21,,,,SIGA-CC1S,,,0010070129,,,,,,,,,,,,,,,,,,,,,,,"1'-1 3/4""","-0'-5 7/8""",,"-3'-9""","0'-11 1/8"""
1,FPS PANELS 4-21,,,,SIGA-UIO6,,,,,,,,,,,,,,,,,,,,,,,,,,,,,,
1,FPS MODULE 4-21,,,,SIGA-CC1S,,,0010070127,,,,,,,,,,,,,,,,,,,,,,,"1'-1 3/4""","-0'-5 7/8""",,"-3'-9""","0'-5"""
1,FPS UIO MODULE,,,,,,,0010060127,,,,,,,,,,,,,,,,,,,,SIGA-MCC1S,,,"-3'-9""","0'-5""",,"0'-8 1/8""","-1'-0 3/8"""
1,FPS UIO MODULE,,,,,,,0010060126,,,,,,,,,,,,,,,,,,,,SIGA-MCC1S,,,"-3'-9""","0'-5""",,"0'-11 3/4""","-0'-10 3/4"""
1,FPS MODULE 4-21,,,,SIGA-CC1S,,,0010070128,,,,,,,,,,,,,,,,,,,,,,,"1'-1 3/4""","-0'-5 7/8""",,"-3'-9""","0'-11 1/8"""
1,FPS UIO MODULE,,,,,,,0020060132,,,,,,,,,,,,,,,,,,,,SIGA-MCC1S,,,"-3'-9""","0'-5""",,"0'-11 3/4""","-0'-10 3/4"""
1,FPS UIO MODULE,,,,,,,0020060131,,,,,,,,,,,,,,,,,,,,SIGA-MCC1S,,,"-3'-9""","0'-5""",,"0'-8 1/8""","-1'-0 3/8"""
1,FPS MODULE 4-21,,,,SIGA-RM1,,,0030060132,,,,,,,,,,,,,,,SIGA-278,,,,,,,,,,,"0'-8 3/8""","-0'-8 1/2"""
1,FPS UIO MODULE,,,,,,,0030060128,,,,,,,,,,,,,,,,,,,,SIGA-MCC1S,,,"-3'-9""","0'-5""",,"0'-11 3/4""","-0'-10 3/4"""
1,FPS UIO MODULE,,,,,,,0030060127,,,,,,,,,,,,,,,,,,,,SIGA-MCC1S,,,"-3'-9""","0'-5""",,"0'-8 1/8""","-1'-0 3/8"""
1,FPS PANELS 4-21,,,,SIGA-UIO6,,,,,,,,,,,,,,,,,,,,,,,,,,,,,,
1,FPS MODULE 4-21,,,,J-Box,,,,,,,,,,,,,,,,,,,,,,,,,,,,,"2'-8 5/8""","0'-5 3/4"""
1,FPS CAV 4-21,1B1-7,1S1-19,,SV - 30cd (WP),1/4w,,,,,,,,,,,,,,,,,,,,,,,"2'-2 1/2""","-1'-4 1/8""","-0'-10 3/4""","-2'-7 1/4""",,,
1,FPS CAV 4-21,1E3-2,1S5-12,,SV - 30cd (WP),1/4w,,,,,,,,,,,,,,,,,,,,,,,"2'-0 1/4""","-1'-6 1/2""","1'-1 1/2""","-0'-7 7/8""",,,
1,FPS CAV 4-21,1B1-2,1S1-14,,SV - 30cd (WP),1/4w,,,,,,,,,,,,,,,,,,,,,,,"-3'-4""","-0'-6 7/8""","-1'-2 5/8""","-0'-11 1/4""",,,
1,FPS CAV 4-21,1E3-7,1S5-17,,SV - 30cd (WP),1/4w,,,,,,,,,,,,,,,,,,,,,,,"2'-3 1/2""","-1'-4 1/2""","1'-4 5/8""","-1'-3""",,,
1,FPS MODULE 4-21,,,,J-Box,,,,,,,,,,,,,,,,,,,,,,,,,,,,,"2'-11""","0'-5"""
1,FPS CAV 4-21,1H1-3,1S9-5,,SV - 30cd (WP),1/4w,,,,,,,,,,,,,,,,,,,,,,,"2'-3 3/4""","-1'-0 1/2""","-1'-2 5/8""","-2'-6 5/8""",,,
1,FPS CAV 4-21,1H1-6,1S9-8,,SV - 30cd (WP),1/4w,,,,,,,,,,,,,,,,,,,,,,,"-2'-2 3/4""","1'-4""","0'-8 3/4""","-0'-5""",,,
1,FPS CAV 4-21,1C1-3,1S3-3,,SV - 30cd (WP),1/4w,,,,,,,,,,,,,,,,,,,,,,,"0'-2 1/4""","-1'-8 3/8""","1'-1 1/4""","-0'-7""",,,
1,FPS CAV 4-21,1C1-2,1S3-2,,SV - 30cd (WP),1/4w,,,,,,,,,,,,,,,,,,,,,,,"0'-2 5/8""","-1'-8 1/2""","1'-3""","-0'-6 7/8""",,,
1,FPS SENSOR 4-21,,,,Smoke w/ Sounder Base,,,0030060006,,,,,,,,,,SIGA-PS W SOUNDER BASE,,,,,,,,,,,"0'-7 1/4""","-1'-7 3/8""",,,,,
1,FPS MODULE 4-21,,,,SIGA-CT1,,,0030060182,,,,,,,,,SIGA-CT1,,,,,,,,,,,,,,,,,"-3'-6 5/8""","0'-8 3/4"""
1,FPS MODULE 4-21,,,,SIGA-RM1,,,0030060192,,,,,,,,,,,,,,,SIGA-278,,,,,,,,,,,"2'-3 3/8""","1'-5 1/8"""
1,FPS MODULE 4-21,,,,SIGA-CT1,,,0030060180,,,,,,,,,SIGA-CT1,,,,,,,,,,,,,,,,,"-3'-7 3/8""","0'-10 3/8"""
1,FPS MODULE 4-21,,,,SIGA-CT1,,,0030060181,,,,,,,,,SIGA-CT1,,,,,,,,,,,,,,,,,"-3'-6 1/2""","0'-8 3/4"""
1,FPS MODULE 4-21,,,,J-Box,,,,,,,,,,,,,,,,,,,,,,,,,,,,,"1'-5 3/8""","2'-1 1/4"""
1,FPS MODULE 4-21,,,,SIGA-CT1,,,0030060154,,,,,,,,,SIGA-CT1,,,,,,,,,,,,,,,,,"2'-9 1/8""","0'-5 1/4"""
1,FPS MODULE 4-21,,,,SIGA-CT1,,,0030060155,,,,,,,,,SIGA-CT1,,,,,,,,,,,,,,,,,"2'-9 1/8""","0'-5 1/4"""
1,FPS MODULE 4-21,,,,Iso Module,,,0030060068,,,,,,,,,,,,,,,,,,,,,,,,,,"2'-9 1/8""","0'-5 1/4"""
1,FPS MODULE 4-21,,,,SIGA-CT1,,,0030060153,,,,,,,,,SIGA-CT1,,,,,,,,,,,,,,,,,"2'-9 1/8""","0'-5 1/4"""
1,FPS CAV 4-21,1B3-1,1S3-8,,SV - 177cd,1/4w,,,,,,,,,,,,,,,,,,,,,,,"1'-11 1/8""","-2'-2 1/8""","1'-4 3/4""","-0'-8 7/8""",,,
1,FPS CAV 4-21,1F4-1,1S7-11,,SV - 177cd,1/4w,,,,,,,,,,,,,,,,,,,,,,,"2'-11 3/4""","-1'-5 3/4""","1'-4 3/4""","-0'-8 7/8""",,,
1,FPS CAV 4-21,1A4-1,1S1-2,,SV - 177cd,1/4w,,,,,,,,,,,,,,,,,,,,,,,"2'-0 1/2""","-2'-1 1/8""","1'-6 1/8""","-0'-7 7/8""",,,
1,FPS CAV 4-22,1E1-5,1S7-29,,SV - 15cd,1/4w,,,,,,,,,,,,,,,,,,,,,,,"-2'-3 7/8""","1'-1 1/2""",,,,,
1,FPS CAV 4-22,1E2-4,1S7-21,,SV - 15cd,1/4w,,,,,,,,,,,,,,,,,,,,,,,"2'-2 5/8""","0'-9 5/8""",,,,,
1,FPS CAV 4-22,1F1-9,1S7-14,,SV - 15cd,1/4w,,,,,,,,,,,,,,,,,,,,,,,"-2'-3 7/8""","0'-8 7/8""",,,,,
1,FPS MODULE 4-21,,,,J-Box,,,,,,,,,,,,,,,,,,,,,,,,,,,,,"2'-8 5/8""","0'-5 3/4"""
1,FPS MODULE 4-21,,,,Iso Module,,,0030060069,,,,,,,,,,,,,,,,,,,,,,,,,,"-3'-7""","0'-4 3/8"""
1,FPS MODULE 4-21,,,,J-Box,,,,,,,,,,,,,,,,,,,,,,,,,,,,,"2'-11""","0'-5"""
1,FPS MODULE 4-21,,,,J-Box,,,,,,,,,,,,,,,,,,,,,,,,,,,,,"2'-8 5/8""","0'-5 3/4"""
1,FPS MODULE 4-21,,,,J-Box,,,,,,,,,,,,,,,,,,,,,,,,,,,,,"2'-11 1/2""","0'-1 3/8"""
1,FPS MODULE 4-21,,,,J-Box,,,,,,,,,,,,,,,,,,,,,,,,,,,,,"2'-11 1/8""","-0'-3 3/8"""
1,FPS MODULE 4-21,,,,MR201C,,,,,,,,,,,,,,,,,,,,,,,,,,,,,"-1'-5""","-1'-11 3/8"""
1,FPS MODULE 4-21,,,,J-Box,,,,,,,,,,,,,,,,,,,,,,,,,,,,,"2'-11""","0'-5"""
1,FPS MODULE 4-21,,,,Suppression (120),,,,,,,,,,,,,,,,,,,,,,,,,,"-0'-8 1/8""","1'-6""",,"2'-11""","0'-5"""
1,FPS MODULE 4-21,,,,SIGA-CT1,,,0010060159,,,,,,,,,SIGA-CT1,,,,,,,,,,,,,,,,,"2'-9 3/8""","0'-1 1/2"""
1,FPS MODULE 4-21,,,,SIGA-CT1,,,0020060159,,,,,,,,,SIGA-CT1,,,,,,,,,,,,,,,,,"-3'-5 7/8""","0'-4 1/4"""
1,FPS MODULE 4-21,,,,J-Box,,,,,,,,,,,,,,,,,,,,,,,,,,,,,"3'-1 7/8""","-0'-8"""
1,FPS MODULE 4-21,,,,J-Box,,,,,,,,,,,,,,,,,,,,,,,,,,,,,"2'-8 5/8""","0'-5 3/4"""
1,FPS MODULE 4-21,,,,J-Box,,,,,,,,,,,,,,,,,,,,,,,,,,,,,"2'-11""","0'-5"""
1,FPS MODULE 4-21,,,,SIGA-278,,,0010060152,,,,,,,,,,,,,,,SIGA-278,,,,,,,,,,,"2'-9 7/8""","0'-4"""
1,FPS MODULE 4-21,,,,J-Box,,,,,,,,,,,,,,,,,,,,,,,,,,,,,"2'-11""","0'-5"""
1,FPS MODULE 4-21,,,,J-Box,,,,,,,,,,,,,,,,,,,,,,,,,,,,,"2'-11""","0'-5"""
1,FPS MODULE 4-21,,,,J-Box,,,,,,,,,,,,,,,,,,,,,,,,,,,,,"2'-11""","0'-5"""
1,FPS MODULE 4-21,,,,Suppression (SLC),,,,,,,,,,,,,,,,,,,,,,,,,,"-1'-6 7/8""","0'-0 1/4""",,"2'-11""","0'-5"""
1,FPS CAV 4-21,1A1-1,1S1-12,,SV - 30cd (WP),1/4w,,,,,,,,,,,,,,,,,,,,,,,"1'-3 1/2""","-1'-8 7/8""","-0'-11 7/8""","-0'-8 5/8""",,,
1,FPS CAV 4-21,1A1-2,1S1-11,,SV - 30cd (WP),1/4w,,,,,,,,,,,,,,,,,,,,,,,"1'-3 1/2""","-1'-8 7/8""","-0'-11 7/8""","-0'-8 5/8""",,,
1,FPS SENSOR 9-24,,,,Heat - Conventional,,,,,,,,,,,,,,,,,,,,,,,,,,"1'-4 5/8""","-0'-5 7/8""",,,
1,FPS MODULE 4-21,,,,SIGA-RM1,,,0030060143,,,,,,,,,,,,,,,SIGA-278,,,,,,,,,,,"2'-3 3/4""","-1'-1 3/4"""
1,FPS PANELS 4-21,,,,MFC-A,,,,,,,,,,,,,,,,,,,,,,,,,,,,,,
1,FPS MODULE 4-21,,,,SIGA-RM1,,,0030060144,,,,,,,,,,,,,,,SIGA-278,,,,,,,,,,,"-3'-5 5/8""","0'-8"""
1,FPS MODULE 4-21,,,,SIGA-CC1S,,,0030060145,,,,,,,,,,,,,,,,,,,,,,,"0'-11""","-0'-0 3/4""",,"2'-10 5/8""","0'-6 1/2"""
1,FPS MODULE 4-21,,,,SIGA-CT1,,,0030060140,,,,,,,,,SIGA-CT1,,,,,,,,,,,,,,,,,"-1'-2 3/8""","-0'-8 1/2"""
1,FPS MODULE 4-21,,,,SIGA-278,,,0030060141,,,,,,,,,,,,,,,SIGA-278,,,,,,,,,,,"3'-0 1/4""","0'-8 5/8"""
1,FPS MODULE 4-21,,,,J-Box,,,,,,,,,,,,,,,,,,,,,,,,,,,,,"3'-0 1/4""","0'-8 5/8"""
1,FPS MODULE 4-21,,,,J-Box,,,,,,,,,,,,,,,,,,,,,,,,,,,,,"-3'-2 1/2""","1'-0 3/8"""
1,FPS MODULE 4-21,,,,J-Box,,,,,,,,,,,,,,,,,,,,,,,,,,,,,"-3'-2 1/2""","1'-0 3/8"""
1,FPS SENSOR 4-21,,,,Beam Smoke Reflector,,,,,,,,,,,,,,,,,,,,,,,,"0'-9 1/4""","-1'-7 7/8""","1'-1 7/8""","-0'-7 1/4""",,,
1,FPS MODULE 4-21,,,,J-Box,,,,,,,,,,,,,,,,,,,,,,,,,,,,,"-3'-2 1/2""","1'-0 3/8"""
1,FPS MODULE 4-21,,,,SIGA-CT1,,,0020060134,,,,,,,,,SIGA-CT1,,,,,,,,,,,,,,,,,"2'-10 5/8""","2'-5"""
1,FPS MODULE 4-21,,,,SIGA-CRH,,,0020060135,,,,,,,,,,,,,,,SIGA-278,,,,,,,,,,,"1'-7 1/2""","1'-6 1/2"""
1,FPS MODULE 4-21,,,,SIGA-CC1S,,,0030060131,,,,,,,,,,,,,,,,,,,,,,,"-0'-10 5/8""","-0'-2 5/8""",,"0'-4""","1'-5 1/2"""
1,FPS MODULE 4-21,,,,SIGA-CT1,,,0020060133,,,,,,,,,SIGA-CT1,,,,,,,,,,,,,,,,,"4'-1 5/8""","3'-3 5/8"""
1,FPS MODULE 4-21,,,,SIGA-278,,,0020060137,,,,,,,,,,,,,,,SIGA-278,,,,,,,,,,,"-3'-2 1/2""","1'-0 3/8"""
1,FPS MODULE 4-21,,,,SIGA-278,,,0020060136,,,,,,,,,,,,,,,SIGA-278,,,,,,,,,,,"2'-10 1/4""","1'-3 3/4"""
1,FPS MODULE 4-21,,,,Remote Test Station,,,,,,,,,,,,,,,,,,,,,,,,,,,,,"2'-11""","0'-5"""
1,FPS MODULE 4-21,,,,SIGA-RM1,,,0020060139,,,,,,,,,,,,,,,SIGA-278,,,,,,,,,,,"-2'-4 7/8""","1'-6 1/2"""
1,FPS MODULE 4-21,,,,SIGA-CC1S,,,0020060138,,,,,,,,,,,,,,,,,,,,,,,"1'-1 3/4""","-0'-5 7/8""",,"2'-7 7/8""","0'-5 3/4"""
1,FPS MODULE 4-21,,,,MR201C,,,,,,,,,,,,,,,,,,,,,,,,,,,,,"2'-11""","0'-5"""
1,FPS MODULE 4-21,,,,Suppression (SLC),,,,,,,,,,,,,,,,,,,,,,,,,,"0'-10 1/2""","0'-1 1/8""",,"2'-11""","0'-5"""
1,FPS MODULE 4-21,,,,SIGA-278,,,0020060128,,,,,,,,,,,,,,,SIGA-278,,,,,,,,,,,"-1'-8""","-1'-2 5/8"""
1,FPS MODULE 4-21,,,,SIGA-RM1,,,0030060185,,,,,,,,,,,,,,,SIGA-278,,,,,,,,,,,"-3'-4 3/8""","1'-6 7/8"""
1,FPS MODULE 4-21,,,,SIGA-CT1,,,0030060159,,,,,,,,,SIGA-CT1,,,,,,,,,,,,,,,,,"-2'-5 5/8""","-0'-9 5/8"""
1,FPS MODULE 4-21,,,,J-Box,,,,,,,,,,,,,,,,,,,,,,,,,,,,,"-3'-6 5/8""","0'-8 3/4"""
1,FPS MODULE 4-21,,,,J-Box,,,,,,,,,,,,,,,,,,,,,,,,,,,,,"2'-11""","0'-5"""
1,FPS MODULE 4-21,,,,SIGA-278,,,0010060135,,,,,,,,,,,,,,,SIGA-278,,,,,,,,,,,"2'-9""","0'-0 7/8"""
1,FPS MODULE 4-21,,,,SIGA-278,,,0030060189,,,,,,,,,,,,,,,SIGA-278,,,,,,,,,,,"-1'-1 7/8""","-0'-8 1/2"""
1,FPS MODULE 4-21,,,,J-Box,,,,,,,,,,,,,,,,,,,,,,,,,,,,,"2'-11""","0'-5"""
1,FPS MODULE 4-21,,,,MR201C,,,,,,,,,,,,,,,,,,,,,,,,,,,,,"2'-11""","0'-5"""
1,FPS MODULE 4-21,,,,SIGA-CC1S,,,0030060129,,,,,,,,,,,,,,,,,,,,,,,"-0'-10 5/8""","-0'-4 1/4""",,"1'-8 3/8""","-0'-8 3/8"""
1,FPS MODULE 4-21,,,,J-Box,,,,,,,,,,,,,,,,,,,,,,,,,,,,,"2'-11""","0'-5"""
1,FPS MODULE 4-21,,,,MR201C,,,,,,,,,,,,,,,,,,,,,,,,,,,,,"2'-8 5/8""","0'-5 3/4"""
1,FPS MODULE 4-21,,,,SIGA-CC1S,,,0020060126,,,,,,,,,,,,,,,,,,,,,,,"0'-11""","-0'-1 1/4""",,"2'-8 5/8""","0'-7 5/8"""
1,FPS MODULE 4-21,,,,J-Box,,,,,,,,,,,,,,,,,,,,,,,,,,,,,"-3'-7 3/8""","0'-10 3/8"""
1,FPS MODULE 4-21,,,,SIGA-278,,,0020060148,,,,,,,,,,,,,,,SIGA-278,,,,,,,,,,,"1'-5 3/8""","2'-1 1/4"""
1,FPS MODULE 4-21,,,,SIGA-278,,,0030060130,,,,,,,,,,,,,,,SIGA-278,,,,,,,,,,,"-3'-2 1/8""","-0'-9 3/4"""
1,FPS MODULE 4-21,,,,SIGA-278,,,0020060127,,,,,,,,,,,,,,,SIGA-278,,,,,,,,,,,"-1'-8""","-1'-2 5/8"""
1,FPS MODULE 4-21,,,,SIGA-278,,,0020060147,,,,,,,,,,,,,,,SIGA-278,,,,,,,,,,,"-3'-8 1/2""","0'-0 1/4"""
1,FPS MODULE 4-21,,,,MR201C,,,,,,,,,,,,,,,,,,,,,,,,,,,,,"2'-11""","0'-5"""
1,FPS MODULE 4-21,,,,SIGA-CC1S,,,0010060133,,,,,,,,,,,,,,,,,,,,,,,"1'-1 3/4""","-0'-5 7/8""",,"2'-11 1/2""","0'-1 3/8"""
1,FPS MODULE 4-21,,,,MR201C,,,,,,,,,,,,,,,,,,,,,,,,,,,,,"2'-11""","0'-5"""
1,FPS MODULE 4-21,,,,Bell,,,,,,,,,,,,,,,,,,,,,,,,,,,,,"2'-11""","0'-5"""
1,FPS MODULE 4-21,,,,SIGA-CT1,,,0010060141,,,,,,,,,SIGA-CT1,,,,,,,,,,,,,,,,,"-5'-2 7/8""","0'-5 3/4"""
1,FPS MODULE 4-21,,,,SIGA-CT1,,,0010060142,,,,,,,,,SIGA-CT1,,,,,,,,,,,,,,,,,"-5'-2 7/8""","0'-0 5/8"""
1,FPS MODULE 4-21,,,,SIGA-CC1S,,,0010060136,,,,,,,,,,,,,,,,,,,,,,,"0'-11 3/8""","-0'-3 3/8""",,"3'-3 3/4""","2'-4 5/8"""
1,FPS SENSOR 4-21,,,,Smoke w/ Sounder Base,,,0020060036,,,,,,,,,,SIGA-PS W SOUNDER BASE,,,,,,,,,,,"-0'-1 3/8""","-1'-7 7/8""",,,,,
1,FPS WAV 9-21,1D1-11,1S6-1,,WP SV - 30cd,1/2w,,,,,,,,,,,,,,,,,,,,,,,"-1'-2 1/2""","-2'-8 1/8""",,,,"-3'-1 3/8""","-1'-8 1/2"""
1,FPS SENSOR 4-21,,,,Smoke,,,0030060047,,,,,,,,SIGA-PS,,,,,,,,,,,,,"0'-6 3/4""","1'-2 7/8""",,,,,
1,FPS MODULE 4-21,,,,SIGA-278,,,0030060156,,,,,,,,,,,,,,,SIGA-278,,,,,,,,,,,"-2'-2""","-1'-5 1/4"""
1,FPS MODULE 4-21,,,,SIGA-CC1S,,,0030060138,,,,,,,,,,,,,,,,,,,,,,,"0'-10 3/8""","-0'-2""",,"-1'-1 1/4""","2'-3 5/8"""
1,FPS MODULE 4-21,,,,SIGA-RM1,,,0030060142,,,,,,,,,,,,,,,SIGA-278,,,,,,,,,,,"-1'-7 1/2""","-0'-8 3/4"""
1,FPS MODULE 4-21,,,,SIGA-278,,,0030060152,,,,,,,,,,,,,,,SIGA-278,,,,,,,,,,,"-1'-6 3/4""","-1'-3 7/8"""
1,FPS MODULE 4-21,,,,SIGA-CT1,,,0010060140,,,,,,,,,SIGA-CT1,,,,,,,,,,,,,,,,,"-5'-2 7/8""","0'-10 7/8"""
1,FPS MODULE 4-21,,,,Suppression (SLC),,,,,,,,,,,,,,,,,,,,,,,,,,"-1'-6 1/8""","0'-8 1/8""",,"2'-11""","0'-5"""
1,FPS MODULE 4-21,,,,SIGA-CT1,,,0010060143,,,,,,,,,SIGA-CT1,,,,,,,,,,,,,,,,,"-3'-11 7/8""","2'-2"""
1,FPS MODULE 4-21,,,,SIGA-CT1,,,0010060144,,,,,,,,,SIGA-CT1,,,,,,,,,,,,,,,,,"-3'-11 7/8""","1'-8 7/8"""
1,FPS MODULE 4-21,,,,SIGA-278,,,0010060151,,,,,,,,,,,,,,,SIGA-278,,,,,,,,,,,"1'-2 1/8""","-0'-9 7/8"""
1,FPS MODULE 4-21,,,,SIGA-278,,,0010060134,,,,,,,,,,,,,,,SIGA-278,,,,,,,,,,,"2'-11 1/2""","0'-1 3/8"""
1,FPS MODULE 4-21,,,,SIGA-278,,,0020060129,,,,,,,,,,,,,,,SIGA-278,,,,,,,,,,,"-3'-6 1/4""","0'-6 1/8"""
1,FPS MODULE 4-21,,,,SIGA-278,,,0010060150,,,,,,,,,,,,,,,SIGA-278,,,,,,,,,,,"2'-5 1/4""","-1'-2 3/8"""
1,FPS MODULE 4-21,,,,SIGA-CT1,,,0010060137,,,,,,,,,SIGA-CT1,,,,,,,,,,,,,,,,,"2'-7""","1'-3 3/4"""
1,FPS MODULE 4-21,,,,SIGA-CT1,,,0010060138,,,,,,,,,SIGA-CT1,,,,,,,,,,,,,,,,,"-0'-5 3/4""","2'-2"""
1,FPS MODULE 4-21,,,,SIGA-CT1,,,0010060139,,,,,,,,,SIGA-CT1,,,,,,,,,,,,,,,,,"-5'-2 7/8""","1'-4"""
1,FPS MODULE 4-21,,,,Tamper Switch,,,,,,,,,,,,,,,,,,,,,,,,,,,,,"2'-11 1/2""","0'-1 3/8"""
1,FPS MODULE 4-21,,,,SIGA-CT1,,,0010060145,,,,,,,,,SIGA-CT1,,,,,,,,,,,,,,,,,"-3'-11 7/8""","1'-3 3/4"""
1,FPS MODULE 4-21,,,,SIGA-CT1,,,0010060146,,,,,,,,,SIGA-CT1,,,,,,,,,,,,,,,,,"-3'-11 7/8""","0'-10 5/8"""
1,FPS MODULE 4-21,,,,Water Flow,,,,,,,,,,,,,,,,,,,,,,,,,,,,,"2'-11 1/2""","0'-1 3/8"""
1,FPS MODULE 4-21,,,,SIGA-CC1S,,,0030060139,,,,,,,,,,,,,,,,,,,,,,,"0'-11""","-0'-3 5/8""",,"0'-6 3/8""","-1'-1 7/8"""
1,FPS MODULE 4-21,,,,SIGA-CT1,,,0020060152,,,,,,,,,SIGA-CT1,,,,,,,,,,,,,,,,,"2'-9 3/4""","0'-8 7/8"""
1,FPS MODULE 4-21,,,,SIGA-CT1,,,0020060153,,,,,,,,,SIGA-CT1,,,,,,,,,,,,,,,,,"2'-9 3/4""","0'-8 7/8"""
1,FPS MODULE 4-21,,,,SIGA-CT1,,,0020060151,,,,,,,,,SIGA-CT1,,,,,,,,,,,,,,,,,"2'-10 1/2""","0'-7"""
1,FPS MODULE 4-21,,,,Tamper Switch,,,,,,,,,,,,,,,,,,,,,,,,,,,,,"2'-11""","0'-5"""
1,FPS MODULE 4-21,,,,SIGA-CT1,,,0020060150,,,,,,,,,SIGA-CT1,,,,,,,,,,,,,,,,,"2'-10 1/2""","0'-7"""
1,FPS MODULE 4-21,,,,Tamper Switch,,,,,,,,,,,,,,,,,,,,,,,,,,,,,"2'-11""","0'-5"""
1,FPS MODULE 4-21,,,,Water Flow,,,,,,,,,,,,,,,,,,,,,,,,,,,,,"2'-11""","0'-5"""
1,FPS MODULE 4-21,,,,Water Flow,,,,,,,,,,,,,,,,,,,,,,,,,,,,,"2'-11""","0'-5"""
1,FPS MODULE 4-21,,,,Tamper Switch,,,,,,,,,,,,,,,,,,,,,,,,,,,,,"2'-11""","0'-5"""
1,FPS MODULE 4-21,,,,SIGA-CT1,,,0030060187,,,,,,,,,SIGA-CT1,,,,,,,,,,,,,,,,,"-3'-7""","1'-8"""
1,FPS MODULE 4-21,,,,SIGA-CT1,,,0030060175,,,,,,,,,SIGA-CT1,,,,,,,,,,,,,,,,,"2'-0 3/4""","-1'-1 1/2"""
1,FPS MODULE 4-21,,,,Tamper Switch,,,,,,,,,,,,,,,,,,,,,,,,,,,,,"2'-11""","0'-5"""
1,FPS MODULE 4-21,,,,SIGA-CT1,,,0030060188,,,,,,,,,SIGA-CT1,,,,,,,,,,,,,,,,,"-5'-0""","0'-9 3/8"""
1,FPS MODULE 4-21,,,,SIGA-CT1,,,0030060177,,,,,,,,,SIGA-CT1,,,,,,,,,,,,,,,,,"2'-1 1/8""","-1'-0"""
1,FPS MODULE 4-21,,,,Tamper Switch,,,,,,,,,,,,,,,,,,,,,,,,,,,,,"2'-11""","0'-5"""
1,FPS MODULE 4-21,,,,Iso Module,,,0030060067,,,,,,,,,,,,,,,,,,,,,,,,,,"-3'-9""","0'-5"""
1,FPS MODULE 4-21,,,,Iso Module,,,0030060046,,,,,,,,,,,,,,,,,,,,,,,,,,"-3'-9""","0'-5"""
1,FPS MODULE 4-21,,,,Iso Module,,,0030060027,,,,,,,,,,,,,,,,,,,,,,,,,,"-3'-9""","0'-5"""
1,FPS MODULE 4-21,,,,SIGA-278,,,0030060146,,,,,,,,,,,,,,,SIGA-278,,,,,,,,,,,"2'-11 1/2""","0'-1 3/8"""
1,FPS UIO MODULE,,,,,,,0030060134,,,,,,,,,,,,,,,,,,,,SIGA-MCC1S,,,"-3'-9""","0'-5""",,"0'-8 1/8""","-1'-0 3/8"""
1,FPS PANELS 4-21,,,,SIGA-UIO6,,,,,,,,,,,,,,,,,,,,,,,,,,,,,,
1,FPS PANELS 4-21,,,,BPS,,,,,,,,,,,,,,,,,,,,,APS1C,,,,,,,,,
1,FPS MODULE 4-21,,,,J-Box,,,,,,,,,,,,,,,,,,,,,,,,,,,,,"2'-11 1/2""","0'-1 3/8"""
1,FPS MODULE 4-21,,,,Tamper Switch,,,,,,,,,,,,,,,,,,,,,,,,,,,,,"2'-11""","0'-5"""
1,FPS MODULE 4-21,,,,SIGA-CT1,,,0020060149,,,,,,,,,SIGA-CT1,,,,,,,,,,,,,,,,,"2'-10 1/2""","0'-7"""
1,FPS MODULE 4-21,,,,J-Box,,,,,,,,,,,,,,,,,,,,,,,,,,,,,"2'-11 1/2""","0'-1 3/8"""
1,FPS MODULE 4-21,,,,Iso Module,,,0030060001,,,,,,,,,,,,,,,,,,,,,,,,,,"-3'-9""","0'-5"""
1,FPS MODULE 4-21,,,,Iso Module,,,0010060022,,,,,,,,,,,,,,,,,,,,,,,,,,"-3'-9""","0'-5"""
1,FPS MODULE 4-21,,,,Iso Module,,,0010060001,,,,,,,,,,,,,,,,,,,,,,,,,,"-3'-9""","0'-5"""
1,FPS MODULE 4-21,,,,Tamper Switch,,,,,,,,,,,,,,,,,,,,,,,,,,,,,"2'-11""","0'-5"""
1,FPS MODULE 4-21,,,,Tamper Switch,,,,,,,,,,,,,,,,,,,,,,,,,,,,,"2'-11""","0'-5"""
1,FPS MODULE 4-21,,,,Water Flow,,,,,,,,,,,,,,,,,,,,,,,,,,,,,"2'-11""","0'-5"""
1,FPS MODULE 4-21,,,,Tamper Switch,,,,,,,,,,,,,,,,,,,,,,,,,,,,,"2'-11""","0'-5"""
1,FPS MODULE 4-21,,,,Tamper Switch,,,,,,,,,,,,,,,,,,,,,,,,,,,,,"2'-11""","0'-5"""
1,FPS MODULE 4-21,,,,SIGA-CT1,,,0030060137,,,,,,,,,SIGA-CT1,,,,,,,,,,,,,,,,,"-1'-4 1/8""","1'-9 3/4"""
1,FPS MODULE 4-21,,,,Tamper Switch,,,,,,,,,,,,,,,,,,,,,,,,,,,,,"2'-11""","0'-5"""
1,FPS MODULE 4-21,,,,SIGA-CC1S,,,0010060149,,,,,,,,,,,,,,,,,,,,,,,"1'-1 3/4""","-0'-5 7/8""",,"-0'-0 7/8""","-1'-4 1/2"""
1,FPS MODULE 4-21,,,,SIGA-RM1,,,0010060148,,,,,,,,,,,,,,,SIGA-278,,,,,,,,,,,"2'-11 1/2""","0'-5"""
1,FPS MODULE 4-21,,,,SIGA-278,,,0020060146,,,,,,,,,,,,,,,SIGA-278,,,,,,,,,,,"3'-1 1/8""","0'-8 3/8"""
1,FPS MODULE 4-21,,,,MR201C,,,,,,,,,,,,,,,,,,,,,,,,,,,,,"2'-11""","0'-5"""
1,FPS MODULE 4-21,,,,SIGA-CT1,,,0030060158,,,,,,,,,SIGA-CT1,,,,,,,,,,,,,,,,,"2'-11 1/2""","0'-1 3/8"""
1,FPS MODULE 4-21,,,,SIGA-CT1,,,0030060157,,,,,,,,,SIGA-CT1,,,,,,,,,,,,,,,,,"2'-11 1/2""","0'-1 3/8"""
1,FPS MODULE 4-21,,,,SIGA-278,,,0010060147,,,,,,,,,,,,,,,SIGA-278,,,,,,,,,,,"2'-11 1/2""","0'-1 3/8"""
1,FPS MODULE 4-21,,,,Water Flow,,,,,,,,,,,,,,,,,,,,,,,,,,,,,"2'-11""","0'-5"""
1,FPS MODULE 4-21,,,,SIGA-CT1,,,0030060190,,,,,,,,,SIGA-CT1,,,,,,,,,,,,,,,,,"-3'-8 5/8""","0'-2 3/4"""
1,FPS MODULE 4-21,,,,SIGA-CC1S,,,0030060183,,,,,,,,,,,,,,,,,,,,,,,"0'-7 1/2""","-0'-7 1/8""",,"-3'-10 3/4""","2'-1 1/4"""
1,FPS MODULE 4-21,,,,Tamper Switch,,,,,,,,,,,,,,,,,,,,,,,,,,,,,"2'-11""","0'-5"""
1,FPS MODULE 4-21,,,,SIGA-CT1,,,0030060191,,,,,,,,,SIGA-CT1,,,,,,,,,,,,,,,,,"-3'-10 7/8""","0'-3 1/8"""
1,FPS MODULE 4-21,,,,SIGA-CT1,,,0030060186,,,,,,,,,SIGA-CT1,,,,,,,,,,,,,,,,,"2'-0 5/8""","-1'-0 1/2"""
1,FPS MODULE 4-21,,,,Tamper Switch,,,,,,,,,,,,,,,,,,,,,,,,,,,,,"-3'-2 1/2""","0'-5 3/8"""
1,FPS MODULE 4-21,,,,Water Flow,,,,,,,,,,,,,,,,,,,,,,,,,,,,,"-3'-2 1/2""","0'-5 3/8"""
1,FPS MODULE 4-21,,,,SIGA-CT1,,,0010060155,,,,,,,,,SIGA-CT1,,,,,,,,,,,,,,,,,"2'-11""","0'-4 5/8"""
1,FPS MODULE 4-21,,,,SIGA-CT1,,,0010060157,,,,,,,,,SIGA-CT1,,,,,,,,,,,,,,,,,"2'-11 1/2""","0'-1 3/8"""
1,FPS MODULE 4-21,,,,SIGA-CT1,,,0010060156,,,,,,,,,SIGA-CT1,,,,,,,,,,,,,,,,,"2'-11 1/2""","0'-1 3/8"""
1,FPS MODULE 4-21,,,,SIGA-CT1,,,0010060154,,,,,,,,,SIGA-CT1,,,,,,,,,,,,,,,,,"2'-11""","0'-5"""
1,FPS MODULE 4-21,,,,Tamper Switch,,,,,,,,,,,,,,,,,,,,,,,,,,,,,"2'-11""","0'-5"""
1,FPS MODULE 4-21,,,,Tamper Switch,,,,,,,,,,,,,,,,,,,,,,,,,,,,,"2'-11""","0'-5"""
1,FPS MODULE 4-21,,,,SIGA-CT1,,,0010060153,,,,,,,,,SIGA-CT1,,,,,,,,,,,,,,,,,"2'-11""","0'-5"""
